{"name": "26.19f2m.pkl", "f2m": [52.10344827586207, 53.62068965517241, 51.10344827586207, 54.310344827586206, 54.96551724137931], "m2f": [45.3448275862069, 49.6551724137931, 47.55172413793103, 44.275862068965516, 49.06896551724138]}