{"name": "26.19f2m.pkl", "f2m": [54.06896551724138, 52.58620689655172, 56.689655172413794, 53.48275862068966, 52.03448275862069], "m2f": [47.51724137931034, 44.13793103448276, 47.310344827586206, 51.758620689655174, 52.0]}