{"name": "26.58f2m.pkl", "f2m": [48.793103448275865, 47.06896551724138, 47.310344827586206, 47.3448275862069, 47.758620689655174], "m2f": [41.0, 42.6551724137931, 42.689655172413794, 43.03448275862069, 40.758620689655174]}