{"name": "26.58f2m.pkl", "f2m": [55.55172413793103, 49.93103448275862, 49.724137931034484, 54.44827586206897, 56.10344827586207], "m2f": [46.58620689655172, 49.724137931034484, 47.51724137931034, 47.86206896551724, 50.55172413793103]}