{"name": "26.73m2f.pkl", "f2m": [44.55172413793103, 45.51724137931034, 39.758620689655174, 47.55172413793103, 49.724137931034484], "m2f": [38.89655172413793, 39.37931034482759, 44.13793103448276, 43.689655172413794, 44.827586206896555]}