{"name": "26.73m2f.pkl", "f2m": [40.62068965517241, 45.689655172413794, 42.689655172413794, 48.51724137931034, 39.172413793103445], "m2f": [43.51724137931034, 42.206896551724135, 39.44827586206897, 40.89655172413793, 46.93103448275862]}