{"name": "26.81m2f.pkl", "f2m": [44.96551724137931, 47.44827586206897, 51.96551724137931, 35.10344827586207, 44.55172413793103], "m2f": [39.793103448275865, 42.55172413793103, 44.275862068965516, 41.206896551724135, 38.827586206896555]}