{"name": "26.81m2f.pkl", "f2m": [38.275862068965516, 51.689655172413794, 44.93103448275862, 38.724137931034484, 44.89655172413793], "m2f": [36.48275862068966, 46.172413793103445, 39.96551724137931, 43.10344827586207, 43.37931034482759]}