{"name": "27.08f2m.pkl", "f2m": [48.3448275862069, 48.96551724137931, 44.37931034482759, 48.55172413793103, 50.44827586206897], "m2f": [43.58620689655172, 43.93103448275862, 42.93103448275862, 47.03448275862069, 41.689655172413794]}