{"name": "27.08f2m.pkl", "f2m": [46.275862068965516, 50.10344827586207, 51.41379310344828, 46.03448275862069, 47.689655172413794], "m2f": [40.241379310344826, 43.48275862068966, 43.48275862068966, 48.206896551724135, 45.13793103448276]}