{"name": "27.58f2m.pkl", "f2m": [47.86206896551724, 47.86206896551724, 47.86206896551724, 47.86206896551724, 47.86206896551724], "m2f": [43.310344827586206, 43.310344827586206, 43.310344827586206, 43.310344827586206, 43.310344827586206]}