{"name": "27.77f2m.pkl", "f2m": [52.241379310344826, 50.89655172413793, 50.89655172413793, 50.89655172413793, 50.89655172413793], "m2f": [45.44827586206897, 45.44827586206897, 45.44827586206897, 45.44827586206897, 45.44827586206897]}