{
  "name": "27.77f2m.pkl",
  "f2m": [
    52.07142857142857,
    51.392857142857146,
    51.392857142857146,
    51.392857142857146,
    51.392857142857146
  ],
  "m2f": [
    44.07142857142857,
    44.07142857142857,
    44.07142857142857,
    44.07142857142857,
    44.07142857142857
  ]
}