{"name": "27.96m2f.pkl", "f2m": [46.3448275862069, 51.51724137931034, 46.96551724137931, 42.689655172413794, 53.758620689655174], "m2f": [49.58620689655172, 47.03448275862069, 49.6551724137931, 40.827586206896555, 48.10344827586207]}