{"name": "28.04m2f.pkl", "f2m": [44.41379310344828, 46.48275862068966, 44.689655172413794, 48.62068965517241, 48.58620689655172], "m2f": [45.48275862068966, 43.62068965517241, 36.13793103448276, 42.51724137931034, 39.93103448275862]}