{"name": "28.08f2m.pkl", "f2m": [51.55172413793103, 46.758620689655174, 46.58620689655172, 49.6551724137931, 49.06896551724138], "m2f": [46.689655172413794, 48.58620689655172, 47.51724137931034, 49.51724137931034, 50.03448275862069]}