{
  "name": "28.08f2m.pkl",
  "f2m": [
    50.25,
    52.142857142857146,
    48.0,
    46.857142857142854,
    44.642857142857146
  ],
  "m2f": [
    47.0,
    46.107142857142854,
    44.92857142857143,
    48.035714285714285,
    45.57142857142857
  ]
}