{"name": "28.27m2f.pkl", "f2m": [49.10344827586207, 41.172413793103445, 42.724137931034484, 50.51724137931034, 44.41379310344828], "m2f": [43.93103448275862, 34.13793103448276, 39.41379310344828, 37.55172413793103, 37.51724137931034]}