{
  "name": "28.27m2f.pkl",
  "f2m": [
    42.5,
    45.107142857142854,
    51.892857142857146,
    45.82142857142857,
    44.357142857142854
  ],
  "m2f": [
    43.285714285714285,
    41.857142857142854,
    44.714285714285715,
    35.714285714285715,
    44.892857142857146
  ]
}