{"name": "28.38f2m.pkl", "f2m": [42.206896551724135, 43.89655172413793, 47.310344827586206, 45.37931034482759, 41.55172413793103], "m2f": [42.96551724137931, 44.275862068965516, 40.51724137931034, 47.03448275862069, 39.206896551724135]}