{"name": "28.35m2f.pkl", "f2m": [46.06896551724138, 47.275862068965516, 45.724137931034484, 37.03448275862069, 43.10344827586207], "m2f": [43.55172413793103, 45.89655172413793, 37.793103448275865, 41.41379310344828, 47.86206896551724]}