{"name": "28.54f2m.pkl", "f2m": [54.0, 54.51724137931034, 56.48275862068966, 51.206896551724135, 54.58620689655172], "m2f": [42.10344827586207, 38.96551724137931, 39.93103448275862, 40.41379310344828, 39.58620689655172]}