{"name": "28.5m2f.pkl", "f2m": [45.03448275862069, 40.89655172413793, 43.689655172413794, 48.96551724137931, 39.827586206896555], "m2f": [47.827586206896555, 44.58620689655172, 44.62068965517241, 47.6551724137931, 46.13793103448276]}