{"name": "28.5f2m.pkl", "f2m": [47.96551724137931, 45.86206896551724, 47.758620689655174, 49.172413793103445, 48.58620689655172], "m2f": [46.724137931034484, 43.89655172413793, 39.827586206896555, 45.827586206896555, 35.51724137931034]}