{"name": "28.81f2m.pkl", "f2m": [47.06896551724138, 39.6551724137931, 46.96551724137931, 46.689655172413794, 42.6551724137931], "m2f": [37.0, 43.793103448275865, 43.310344827586206, 39.206896551724135, 44.0]}