{"name": "28.81m2f.pkl", "f2m": [49.241379310344826, 45.55172413793103, 40.827586206896555, 46.827586206896555, 48.96551724137931], "m2f": [39.93103448275862, 41.06896551724138, 39.51724137931034, 36.793103448275865, 39.689655172413794]}