{"name": "28.88f2m.pkl", "f2m": [55.86206896551724, 45.793103448275865, 34.93103448275862, 46.3448275862069, 44.724137931034484], "m2f": [40.93103448275862, 42.0, 44.51724137931034, 38.793103448275865, 32.793103448275865]}