{"name": "29.0f2m.pkl", "f2m": [47.3448275862069, 38.724137931034484, 39.13793103448276, 41.62068965517241, 48.10344827586207], "m2f": [42.10344827586207, 43.93103448275862, 41.310344827586206, 39.0, 47.3448275862069]}