{"name": "29.08f2m.pkl", "f2m": [46.96551724137931, 50.55172413793103, 45.689655172413794, 50.724137931034484, 52.827586206896555], "m2f": [37.37931034482759, 43.689655172413794, 42.827586206896555, 41.793103448275865, 41.689655172413794]}