{"name": "29.04m2f.pkl", "f2m": [47.758620689655174, 39.03448275862069, 35.86206896551724, 43.6551724137931, 47.41379310344828], "m2f": [46.793103448275865, 44.310344827586206, 42.13793103448276, 36.86206896551724, 37.93103448275862]}