{"name": "29.15f2m.pkl", "f2m": [50.275862068965516, 42.03448275862069, 43.86206896551724, 40.37931034482759, 48.51724137931034], "m2f": [42.241379310344826, 37.10344827586207, 40.55172413793103, 38.37931034482759, 47.241379310344826]}