{"name": "29.12f2m.pkl", "f2m": [40.793103448275865, 54.172413793103445, 42.724137931034484, 44.275862068965516, 38.275862068965516], "m2f": [42.93103448275862, 41.86206896551724, 29.482758620689655, 35.3448275862069, 41.86206896551724]}