{"name": "29.12m2f.pkl", "f2m": [53.55172413793103, 53.689655172413794, 47.96551724137931, 51.62068965517241, 52.96551724137931], "m2f": [46.03448275862069, 48.241379310344826, 49.55172413793103, 47.10344827586207, 46.44827586206897]}