{"name": "29.23f2m.pkl", "f2m": [52.241379310344826, 53.0, 53.0, 53.0, 53.0], "m2f": [41.758620689655174, 41.758620689655174, 41.758620689655174, 41.758620689655174, 41.758620689655174]}