{"name": "29.31m2f.pkl", "f2m": [40.793103448275865, 43.10344827586207, 45.03448275862069, 48.06896551724138, 39.58620689655172], "m2f": [35.241379310344826, 45.275862068965516, 43.89655172413793, 37.89655172413793, 42.10344827586207]}