{"name": "29.35m2f.pkl", "f2m": [54.275862068965516, 43.241379310344826, 46.93103448275862, 48.93103448275862, 45.275862068965516], "m2f": [44.310344827586206, 43.89655172413793, 38.86206896551724, 40.3448275862069, 45.13793103448276]}