{"name": "29.46m2f.pkl", "f2m": [49.206896551724135, 52.62068965517241, 50.724137931034484, 47.758620689655174, 51.724137931034484], "m2f": [51.172413793103445, 46.172413793103445, 47.724137931034484, 50.48275862068966, 44.37931034482759]}