{"name": "29.42m2f.pkl", "f2m": [49.310344827586206, 49.724137931034484, 50.793103448275865, 53.41379310344828, 48.51724137931034], "m2f": [42.06896551724138, 44.275862068965516, 34.58620689655172, 42.172413793103445, 34.96551724137931]}