{"name": "29.58f2m.pkl", "f2m": [58.241379310344826, 58.241379310344826, 58.241379310344826, 58.241379310344826, 58.241379310344826], "m2f": [54.10344827586207, 54.10344827586207, 54.10344827586207, 54.10344827586207, 54.10344827586207]}