{"name": "29.65f2m.pkl", "f2m": [49.93103448275862, 47.0, 39.55172413793103, 35.758620689655174, 49.0], "m2f": [38.6551724137931, 42.0, 41.6551724137931, 45.86206896551724, 44.48275862068966]}