{"name": "29.77f2m.pkl", "f2m": [50.13793103448276, 47.3448275862069, 57.0, 44.206896551724135, 53.41379310344828], "m2f": [48.724137931034484, 51.96551724137931, 45.206896551724135, 46.10344827586207, 48.03448275862069]}