{"name": "29.92m2f.pkl", "f2m": [47.55172413793103, 45.793103448275865, 50.93103448275862, 54.241379310344826, 44.06896551724138], "m2f": [41.13793103448276, 40.48275862068966, 41.48275862068966, 35.172413793103445, 32.827586206896555]}